username	password_hash
user001	c0fcc665e0102165d61f0ba6e5d71cb77b63d194770730e9582b1cf789416e44
user002	e77f8b8875c385fa96cae7f4accb337a065eeeb75f97c497aee6bbfe3ff6d32d
user003	4fa526dfdd806ae2616941519545ececa1630f539d2b89720b8b3b13b9def27d
user004	6fe73df8d81a91e397d3a0572782214d858f6596536f5656381ae98f2da54e0f
user005	c6233b5c64043b81c318e60d611747caf48a6b26b3b9c933176b0349e2663ed3
user006	2d450490c4d03df07124d40d522102ee6dfd16fb0f9112f6433c0ec5ca6863e7
user007	390682264daeb4ad6968f6b44b9a8f2ad37034c5c11c56965855e9f17c2535cd
user008	a0dfcff01bc8b8c56b2c82bab3e55c1926b4bac03b62a46d06e3e1e5b174c9b0
user009	7e3c76e5df8ef123d0d4ace301b4ede316955bfc3d91351575cec265c4857141
user010	337698d81a73bfee035605832e940d2bfe8b0aa2641bd774a36fb7d1a0cae056
user011	a9ce8255b32df81ff479738e14ac597dc3dda1ca7f003e39659a31c3bc989933
user012	b26a5ef13de4bfdff66490f01c722b63cf9727588c2f9eb848e2edaff560cbc8
user013	b1125828f723e48932bebbc6da47f7bf7590d6709083835e95812096406bd923
user014	f2b1aded174d8427b5e1c70b235e83141a3764365907ede4fe18b02362624f50
user015	99e4cb3a8a98d299335b163b7206fe44854ded78050dfb60a7331f8642bfd17c
user016	eab27a98f30234f41e7cb070048a5ea5ab25d19e671705808e335460aab28f28
user017	fc47e4f67721c94c988f37be9aecfbbf56487728d1490494c6e2b463763002ad
user018	ca67df56fc75206185f626d14b3238889aaa4eff4c5c9fcfbc68b028dd97d9de
user019	b115021bb8570fc6f1b5d51ec899b43f4c4645d8c7162c4287886d9703544b69
user020	94e9185c36f6e2796435e48a1c6eb556545e8154d25c9d7988e5125054f0d8c6
user021	318ffcc22e9ffbb1d04d7c7e9ec373cf655ca6c2249512775acdbd916c6d9985
user022	557923e71cd00717ca9d61579af587d1cc01a9d1be232aa49d595842f63ce4f2
user023	dc73320c2e873ec87221e8cea0841cc55a6a141e4bbc02c68ed7c0d323cc21e0
user024	a81b2e27ba3362108913ce089047348bd3d9b5726b3c0f18126e1634859381aa
user025	1a88e668bb7778e3391be016c10286a862e7bfde41f955bee4fbbea8ff927b1c
user026	e1f6ab5c07851c9b143a06d522fd195407e221477c978d32239d9d69e98df546
user027	2d96b6ea88e2e473e2d5fef3d7ccc19a422d9c935c412e04d0edf64d7df0f668
user028	bffe2315df14c0a79108f31a53c625033f1465c56a8264b0dae19cbd932dacb6
user029	a4723fb3f3501b45962bd978ffe728ed45d0e623574a3282bf76f6a303951358
user030	659fb0121827c59604ae3f80144bae1c9103bc1bc9470365a2f7260f47a01a63
user031	e7cf66d2c5432260f6acdb4dc6ca795c65b6d4af935668d563043cdebba48097
user032	13d844e8b5cfd1b78db4d9f73ef694a67c3b217ec9420e8ced96338bfc5d3650
user033	33b1802c5f5b37e2eaabc81ec5cd5415e7b73370b8445a74a2cf4ea82941ecf8
user034	7eecd44835b740bfe5440e997963c83b7621de46d8eaae55a6dddaa380776bc1
user035	de0fe5e68ad0ce570298c3e6bc4b352ff819d5e2ca0e2ce9ed891f649337b56c
user036	04a3fd4dfea608a3c02c5a0f8ac52b7e2e8cb0efe73fff55cd8680531939423c
user037	d7d33223266d689b27834438b014f70f773587a50010f99526a94b6e48b2f711
user038	2251d56af6fa314641b79c0df744b166e2a34953240ebfeb101344181ee061ae
user039	29d229d17ca8825af49540475fa3505f4a605fad68b221da188b88203dd04109
user040	5dbeba89fe51ea2b8f15832d0e7ed2f53572d2e8acd2ef91c2cba0737e86c0dc
user041	468d749cc027d34c2388aae2916804a69bd9c555379f3eee20a7be8eccb5eea1
user042	8e1e9e78ccf745057251e4cf79fb01d62d067f7c8e6f72e1800b40d69287b8b6
user043	b92805686d7c1853ebc4af30660c9b3187c11744e084599ef88b3a8909857bba
user044	2bcdb88d38c9ba2ce35f9a7730599fbd279bc994e1cebc72f0c212b6205ed312
user045	0c6511d4a5bb76288ade41ac0d69d0bd27abda32052e7c897960b214530be656
user046	8b5599868f6c263c7f6535c9fc62a21d86b98adbaf809582d97a406359cacb58
user047	d30c541545af35122c8fa59985f3805a2a5d96b922d1de23d4102ed19b581e90
user048	800aa89607b70e09f5b83ffdddaa6a5c75fe46ca8454197c3659fa4086bb54ad
user049	1705396fca76e6ede32d356e2ae3283b0e49277fc8b41407474d95fe41e8ea70
user050	f1cf195347f7fc0e073668e8ca7558d718cd7ca165b8f6dd46259bb49418a5c8
user051	346f2c260c9e19c936cc4f4b7425203a15c012884ea3628f57941ec31bfe880d
user052	d7223652407493244614c0310aa34318b5098287bee03cf04fbe85c6618810d1
user053	c82024fce50becdd1f4f1a6c5745e13a4a50afab43c572e2ef17f5be2beb5a18
user054	83f0d4e90e31f177f740cca15bb9c3afa1133aaa274d32bf8ac0935572e046d1
user055	e034673507bcd2d5af5454448572281cf0dfa063a97a8fa5f3a4de955fb0421c
user056	e4a6eb994cc71b4164be4d932b9092658fb262e53c02dd227cee8ada507e8378
user057	c4dfd49c9b0b10b86594c9c22a9ce072d41eba5847238de74b77f385d879f2de
user058	61077a7851704152c831afc02fee6294643394b9da67252c0c52f6485776a54d
user059	064b11cd4a39c0c76563c5e47f8e86a3c73e4d44286635f9319b38c65a435ba3
user060	525dfe7b918106ad8eb7fd04b259c4d06ac788d31c88dd2af9958964cc97b214
user061	2d1eecae5eacfbe3448c58209f281066fd563b67b0ac197225230349d16bdd94
user062	22e1d4b381deecffb63980d161d437a625bdd687e56cdc747022dbcd877f4839
user063	594c5b0a40ab517b57b991a2ce31acbd875792eb33b391528c30b02ff84bfc22
user064	ad1554c76f66c15abf57047563ec478ae4504e2ed7f33c173cfce39545e56719
user065	cb3577bd6f07b9ae4aeae904d2494c6ba933913aa951925531bf3f599902e8e2
user066	4b62f748e03e890895b0dd2d44f6c79fd75bb3593d829e8217932eaffaf94ce7
user067	3bbc2da64a2a902e7cfed3ab7e008c1d9788665c63c4f1f32a75592d2b437849
user068	794867dc1ccccb7e52afe69cc3c826a6542a6c5f00cbd6996bab2271b1a7858d
user069	d65d633a5699e504a59df19007e4b1be6ea59da4e3f8ebc0b67b94a1dbb75ec9
user070	a56d4169e41e5bc46291c27c1ba6db44c8a6b374fbc1b6cf0268ef7e32e84d46
user071	910c6f946d4d5f8ea70b38e685f5977addc840d2ce7ed6fba489e18872348b15
user072	6a49fbb4da57fee3a9ceadc0818e27ea0b0fc4047f5fde3220ba82a1e0384929
user073	88d93f6eb89b933794626d4c729ca5c7d9e0539c9e262ea157a60ee6dec5b8f6
user074	223abe44414137d385b872a105342caba413564a95d657393dca8b5be64ad23a
user075	91e0a8a6ab849a9bceb25958b243806079f95f107fd8710b9688c9c124b9fed6
user076	8c711a13e8a03300f3efb44318b6a95ece96782c2ecc62ba4ba6924dfb31e1bb
user077	c0a022dad48bcb34dac039a049f3cc91b29f917b2399456edf975a2179c96fc5
user078	0525ff6601c3937ad6f55d83e9e39ef8871a4729c599bf85bee722deef4a961c
user079	293ea8478406a28859b66e20d8b066f35088950cae8beb5ffd7bf0a39c35e7e8
user080	fce51247c7ba1bd280674fe6df0a329f81540a92f5aee9a85b90a29f30b0fa72
user081	39244df4be5ee92a09cc4c220ded1a71e8007f299558352ea20604720017ecb3
user082	02766004badcf58d53a24436c5f4ee5efacf59b650ed464539f79541e3f1c69e
user083	3ec6542740e0d285f60a53eda66d5104d60bc133ba87d69c51b6f02143a17ba3
user084	537f3b367a0b1a2505cb9eadd86dba757d2e2c7690d1a0e06a39757e151685d2
user085	590ab6161ad73aed9d4ab6cf137570a74af9be64dc25acd25f62d5e4dc50f8d0
user086	877ced70d86371e3a90d5a9b09d976b03950b22cfe9bf9bc46bda23351a35547
user087	ebdaa4a11c2383b3e650d7a2e879020d1f7728163105f42b2623e0aa24feb0c5
user088	e690bd7700d73f3e08c10b5aac77606e6f9c472c106bf208d3640fef40f51fd4
user089	663841cc700f4596d30444552fa3548e2de16287f927f530a94c51a837997fb7
user090	175933d7283360a3f73957a3b7e3ade9afb5e7c43589725dc0b7274c196af4c1
user091	0757fb794f18f2e7f57cbff4105f207da6712e063661b0665563b80ecc2b5241
user092	0a508fe3a26385fb608a7e3bbcd21aceacf94cd696b3744ee2feb15cb0ce97e4
user093	077599506571463178016d6da34a153bd6317afd96d04f3acd7e0d0be96d9d38
user094	2495cf3b9db6ee6e33c0f359bde80c2e570c1da72449835c789292d721bdcb23
user095	9c310098fe82f66748d06f546c2fd3f85a5741ff1192c9837ca5b16c2537a324
user096	1513ccaf09fd4f2092c132101d0fc5fab15931e72dec29f91848c61db7d5588f
user097	438f2f2f9ca64aa814f4b22734f571e387ec41e7b8cd50af9511d44548418e34
user098	ba2d6d3bebf4d09e5d38112165a3fe1bb67ecb91eb5808d2570bc8f9147e340e
user099	a5f6cbc75ec3dc36b361810762629b13b2f6255a40fd211f4bb6b5066e51c552
user100	017e0b0cf5ba93305418cfd6fb2d323a1803f5c4f8e0ba7cc012a2df940f9303
user101	a62f0474510a59b06caf8aa35223127efccea9c1b897bba42ec5312392a03b70
user102	bc772abad5ef44cb73a31e2cdb81dd81b71dd202406ab454d1ae43455e87c292
user103	c7cf2f88f32585a67ea6c71806d9d35c8d1f05ba9402bd20c9589c0d8a0206db
user104	ceaaffff311968865294a27afc1b582292783f1dcecc5b2a289967f2b7976493
user105	a94fa8cd7958d7338af8895ab63c133f12891f45538f767e37799408321f4ecb
user106	e7a5df4b52aaad07a749da6a515cb0b5ce6dd06284b0f09450b64607805c9427
user107	0dbbd990b3e9bfa8168acf71504aadec27625b82d1b76cb3c15e5d0144eb0d73
user108	91b9de5b390f784c3e34cdaa30546e33730a3fbc99a80023ba39fb7af5046766
user109	e1918f147cba2b6e635d6881face62a6358f2d7a4580886140954047ad716c87
user110	2b4db2d466e1f39d5f5d3a5d8a5b673cec5aaf84476d59afa07798cd571055c6
user111	1aec27dc36c43b9bf02b86e73897417297cc61a3154cf873bb770d0eb4967645
user112	a0dd522f2e4e0816b36e2240ed96574e1ba52f6825683d20c00e7c465878674c
user113	4b6771bb32b493b55af7158d02a105fa248bca6c4d6cef80719722fb3f5d2065
user114	e256d0399ee563b41be41fd18a57f18306c6f6e35582034512896444ed820248
user115	75cfc615a4d0a74aa9de5e16f589d2766aeeda24c6e9ffb28c6d37e1d6c1a8d8
user116	f4e69be58b881c25428d59a5116e7a2735f94fafe2e4fc08eef044d91c270e22
user117	9059bebac2f57b311f835aee64eb907b6afe3c5528e137914b9a85619983b7f8
user118	376f64ea88d0beff5c8989ba0092b8bc7e59ff3a8fa1d95fb85cf55598dead7e
user119	66f390c753577c34a22a687802c88d960688e491d0043edd713c8b14a7c1da00
user120	b5efbfb1235682858b4007e428098e39ab003c20fbb750631e450bc06853ee85
user121	f8855aa7ec3e18e2fe0f1b589e4bd064bd926b9540bf3625cc3bc758250ebadb
user122	bd1afa17da307d91e6926772c1b396693ac6a31079eb10636b4c2a08b27a0577
user123	dbaf3f4523b5205bfeb19968e5215b8f706a3bf70a3a4ac115d5ea0ca8759b1b
user124	ecf499834569e58cce8bce9a6e861981892aeae10a2b49227c3863cbe4486c8f
user125	fc4f916367f6e20bc6287e9c2ec8c7c0570802e23fcd3b09916b051c7ac60617
user126	e61ce81bd181537550af25a426acc82ff95e3f16868d0705728211092ac47160
user127	4b3d93ccd531e86df960b1ab77e9f80aefcf3997230e38092a924eed3145a050
user128	d3ec241a54111a635e891a56cce3efc6ce1c6111de94ea3d87ffb3c7594f558a
user129	2bb270e08bca061861239af8e5b90e3eee06d8de7e1e60a204ed7dce9775c9ce
user130	8b2018cd802be298f75142b9a8a5e2f5edd47b3f5f63186f86991eb40e6ca5ac
user131	f7030f8e865e1486177c4408ce58fd89b7003b745af9d7dc540c3512247979c6
user132	b1ac5235f30e967ec0a3320c66eec32baac25a9e614ef42c766ba392cb054b94
user133	7ee426a54d48eebf7c21b596f407ec7e7d36dece792f0247d91949ed10fbedfd
user134	75563ecd039d8101c527267a01e799bf3bed1c476054e080ff433c170c3c1436
user135	e3d6f8c8e05c3436ade2427a9db92e5dcf323f8f82bd6b5ef02d2ef145852560
user136	1f1a919d746c3fbda4a98aa6771664b2feac24732a6a883ce2c66779d6335965
user137	d467a714b68c02404bdf05c1d2ea133da007a1ef4208528e1eb3d2575645680b
user138	20c379f4a9b87931a8c7fdccaac1c42ae5ad278bbdb0b69262949f41596c0a75
user139	06749d5e32101c7c4746235cf236b64f0ab013f941c8f1087808d9e9af957271
user140	b520f526b7465e67b705a25bd3f7a956deb378a8395c1e8b07d11c521ebafc4b
user141	4be2378cccc63aa01db44f555fe9291983f83cd73d6f2b5302bf7c5a28371b7e
user142	aa3d1e11118a5764c1330e4586ef3859be7a46b1f7c7741ab795707f3d71b43b
user143	74858b90908507e238d195477814d9f49deb777a869272448a254e1b3861c135
user144	b431d0e7cd31b59c1bd77e3efba2a250d64308e37cd05ec1b8b799d7c37aa239
user145	04553fe12b0a63b364ce8eebd6fd4608d09167ff9a5c18dd6ee4881309facf44
user146	4e90ada9860780aad01fd7e5f9932e06d2f525a310a26fe62a42526a797d8738
user147	38eb72291460c39e5ea995cc9f88f0610fdf51f86401d0fc93bc65fcb6e4266f
user148	bd7bc5880a992ddb999b56662a274a339d32fe4b8afe056e427b90909913fe57
user149	be571f6df75f99cf745636c7d6b46e709596fcff45f80f7d7c76ecc26179f2c6
user150	4df65f94ad6470ad922821ab5b9bb70805068a785775d86d0707885cf30be7c3
user151	b07f9ea238d60daced326dbd90fcd265e55cafcaef79e04b6e771e23076d8146
user152	ef6b172c45ddfc2e50c49c7f0e90d3d8be6d68a3fbf00b0a02cc5ba4b41cd335
user153	ca99b141c9e976207b9f2ff13d774c39ffa4231e1992e242c675d2a18212fdd7
user154	598af19df3fa8dbfdf067bec14091f2edced8f7104dd0e8f6a1d3bf37579d3d8
user155	25f6821ec6d9d0385bb6dd47e42ce164a75ec20469f7414ddfa1d4e10ca288f6
user156	45f10f701782528b6a04f77091775a80774483700e5202ed9ea6d060f4256390
user157	075edc5949db40e6715fba766ccc97ad3fd1847e68106dbb8d57fdf2c0a3c479
user158	8dada4485a59f9a75cf7f85a8ea94fff30885338f587465f7b4195588d5f3fa8
user159	2884cb087f0f61ba55187537c2cbc3f5baba5e4c77da625e99a4dda46db39185
user160	5f965407e21b82d5adf305f9300319f994e438f55675c59ff65532d588e54c18
user161	a249580476a8049c6c373cc9cb9b7b13712b3815c22961ae21224fd172cf8f0e
user162	21985efc37fefeb173bb5e486725afdc02e0da0d1ea18552e992ce6e3095138e
user163	9ae161bbe9421fd16d519cfc014eea891daaf37b61d1cfef97ae9a7a35a96383
user164	ca750e69288b5a0406b969ec34c74d5c6d1e20ab663ab6fc68dd8ad06bd58234
user165	ecdc22bdb267f9710f1a3c8de2800f3eedb565cf8875388625d22c6815606389
user166	36751783b0d5bb0421cd44d4d7527c09ef8f4a128b19a8ae5a0bc3c075796187
user167	f8424ac6915736fc466f0fef36061e69ed4c31356c9a6cb26a1a16b0202b3b4c
user168	a25b1a5962fe5fb2cc0e7c749239a1b16da66b030923c756677efe771f777b83
user169	1813155891001adcd5d8979d9fafc361c11b05d791c98c01a7e78936e45ccc4b
user170	ff4d20c07e2f01212fdc53a996fd6f36aea66428db4e52bb1bd05ad7d0640cc5
user171	e06ea18fdab92ffa3ee0d3247a3303575899739ea786a478646467fdb8a555d6
user172	a7b0e4bf84ed459b9fe8f1c85aedad66022e98e41047dc1f5534d5d4d8ce9590
user173	1462006a92c4ec74d58fba59bc40ae5da6d17679f7404f317ac5221bba61d48d
user174	0ae6964e00d62c1c2eaa5c1c51d8e91a10c12989512c93179a7f2ac560e5f91c
user175	585585c6f6dd8a6bbef8b6b226ecbac0c05c275b710cd417ccda6f09083c5b3b
user176	324d561a8b66f5bd990e9a008fa7e4923d4b0d3a77d3b08cfb8f70ab1777d17a
user177	9a8dfd66f838df77136b7cc35593440760c99cc623c5681052cf42dc6ff2f07e
user178	5dd98b8edac278a84de36c0225b9aa999e2e4a2dcd1e04b0ae6956dd1362cafe
user179	0f86bb3c91ccda3f6074d3c0d8af9ba1d3a293c9a69491369c75d11fe4a955e5
user180	31aedf19e0fb46ff0499694192ff0ce58335534e5eccda00688543e3cf46cb2c
user181	b0094fb9678f7f8882fad26d054a99f6ba461b055e9bff6f64376a7258901251
user182	1e66fa3708139842b2813da13c9250aa99953b414f38cde377da6c1b3108e441
user183	11f7b68c1856eafe654df0856772a275302c945c1ad89b32fbc0a7f7d9773bc7
user184	b875ce368f6703098512952a40396c51eb60cc6772f3225471317c6d7d088bed
user185	75b5793706c723049fdb9043d14c405815ea8fc6105dbfd3d1dce30898360287
user186	ef32e66f022da52371ffa39aff77ff776242252c9fc47b75053152c0ab7e858b
user187	e86ff95f1ab4f70ab2511933b35cf768644e48db9dc764f13717477611d95531
user188	1edc382391630ab123d1410723b6a34bd757b82775241ce0ecda451815c33216
user189	8fba6dd937011e7df81997368682cdaefcfce03b103624b95960cc1ed5992378
user190	8cc0c5411169b1d0fbf8d01341d71b73c9503eafc4e9cf3a7dc2633269fc627a
user191	2a338563c443cf3dc53d9995ba97c15e70acc3e29777a3f4d3fe4898335eaade
user192	49b8bc4192ff46aa43b7f89c4c2268a6d41e449949d85da8e86eb34512a349e8
user193	b89b3b738a83eda79001af5d3311affa0e0fc1ea48a930c3416374f885e8acec
user194	b2706ae190c183194275da8897c721a4400396518887b39ab5c69b497df5a281
user195	a181121ba73019282a6c00c9ad7ec8810495df786f42229dee08237a09f51e57
user196	0a2441ab64ca47ad0c9fddba3144833083f347b8b085653271fab9f76d5b68f1
user197	b5e6c6a5b60c79c81c715cb49b5adbf061ed421801008102e62a271553d45d54
user198	38423836d7242e2ffed1cd0ef127f8ea49830dc28bbb6b2d63425d8cd1482376
user199	6f0bc171d3a0215a5fb32a61c6203ed4f9aa2655f8d7d97ef53e0a08637eb040
user200	d09f74d291b7e220f16376963a32130fd1c77912f92cbe8050f4a8d55ebf336c
user201	a784bdd37e8c4cbe12b4855c80a1fc732df2f91e68077fddc7fdb24d7a332523
user202	1cbafca20c1f2cb86804a6ef2debb58b342933756f73ded2b2e4b66b0767b79b
user203	058e1673489ea09f0e106b8c55b7f4572d588ea6726d7bd69fd4e1fb30baa52e
